{
  "properties": {
    "connectionReferences": {
      "shared_sql": {
        "runtimeSource": "invoker",
        "connection": {
          "connectionReferenceLogicalName": "fixme_6db12606864f44adabb26dfd8c516096"
        },
        "api": {
          "name": "shared_sql"
        }
      }
    },
    "definition": {
      "$schema": "https://schema.management.azure.com/providers/Microsoft.Logic/schemas/2016-06-01/workflowdefinition.json#",
      "contentVersion": "1.0.0.0",
      "parameters": {
        "$connections": {
          "defaultValue": {},
          "type": "Object"
        },
        "$authentication": {
          "defaultValue": {},
          "type": "SecureObject"
        }
      },
      "triggers": {
        "manual": {
          "metadata": {
            "operationMetadataId": "cc9a1119-25b1-41f0-b8cb-cf9966e3e7a3"
          },
          "type": "Request",
          "kind": "PowerApp",
          "inputs": {
            "schema": {
              "type": "object",
              "properties": {
                "specialization_specialization": {
                  "type": "string",
                  "x-ms-powerflows-param-ispartial": false
                }
              },
              "required": [
                "specialization_specialization"
              ]
            }
          }
        }
      },
      "actions": {
        "specialization": {
          "runAfter": {},
          "metadata": {
            "operationMetadataId": "0498eb5c-c5b9-4ebf-8192-aa8997d1592f"
          },
          "type": "OpenApiConnection",
          "inputs": {
            "host": {
              "connectionName": "shared_sql",
              "operationId": "ExecuteProcedure_V2",
              "apiId": "/providers/Microsoft.PowerApps/apis/shared_sql"
            },
            "parameters": {
              "server": "default",
              "database": "default",
              "procedure": "[dbo].[GetDoctorWithSpecialization]",
              "parameters/specialization": "@triggerBody()['specialization_specialization']"
            },
            "authentication": {
              "type": "Raw",
              "value": "@json(decodeBase64(triggerOutputs().headers['X-MS-APIM-Tokens']))['$ConnectionKey']"
            }
          }
        },
        "Response": {
          "runAfter": {
            "specialization": [
              "Succeeded"
            ]
          },
          "metadata": {
            "operationMetadataId": "e9ae65b5-5d3c-4b9c-92f4-735f2c899150"
          },
          "type": "Response",
          "kind": "Http",
          "inputs": {
            "statusCode": 200,
            "body": "@body('specialization')?['ResultSets']?['Table1']",
            "schema": {
              "type": "array",
              "items": {
                "type": "object",
                "properties": {
                  "doctor_id": {
                    "type": "integer"
                  },
                  "first_name": {
                    "type": "string"
                  },
                  "last_name": {
                    "type": "string"
                  },
                  "specialization": {
                    "type": "string"
                  },
                  "email": {
                    "type": "string"
                  },
                  "phone": {
                    "type": "string"
                  },
                  "nextslot_time": {
                    "type": "string"
                  },
                  "nextslot": {
                    "type": "string"
                  }
                },
                "required": [
                  "doctor_id",
                  "first_name",
                  "last_name",
                  "specialization",
                  "email",
                  "phone",
                  "nextslot_time",
                  "nextslot"
                ]
              }
            }
          }
        }
      }
    }
  },
  "schemaVersion": "1.0.0.0"
}