{
  "properties": {
    "connectionReferences": {
      "shared_sql": {
        "runtimeSource": "invoker",
        "connection": {
          "connectionReferenceLogicalName": "fixme_6db12606864f44adabb26dfd8c516096"
        },
        "api": {
          "name": "shared_sql"
        }
      }
    },
    "definition": {
      "$schema": "https://schema.management.azure.com/providers/Microsoft.Logic/schemas/2016-06-01/workflowdefinition.json#",
      "contentVersion": "1.0.0.0",
      "parameters": {
        "$connections": {
          "defaultValue": {},
          "type": "Object"
        },
        "$authentication": {
          "defaultValue": {},
          "type": "SecureObject"
        }
      },
      "triggers": {
        "manual": {
          "metadata": {
            "operationMetadataId": "f92de8d6-0afd-478b-9986-120b6e866f38"
          },
          "type": "Request",
          "kind": "PowerApp",
          "inputs": {
            "schema": {
              "type": "object",
              "properties": {
                "Schedule_doctor_id": {
                  "type": "integer"
                },
                "Schedule_end_datetime": {
                  "type": "string"
                },
                "Schedule_location": {
                  "type": "string",
                  "x-ms-powerflows-param-ispartial": false
                },
                "Schedule_patient_id": {
                  "type": "integer"
                },
                "Schedule_slot": {
                  "type": "string",
                  "x-ms-powerflows-param-ispartial": false
                },
                "Schedule_start_datetime": {
                  "type": "string"
                },
                "Schedule_status": {
                  "type": "string",
                  "x-ms-powerflows-param-ispartial": false
                },
                "Schedule_survey_id": {
                  "type": "integer"
                },
                "Schedule_teams_meeting_info": {
                  "type": "string"
                }
              },
              "required": [
                "Schedule_doctor_id",
                "Schedule_end_datetime",
                "Schedule_location",
                "Schedule_patient_id",
                "Schedule_slot",
                "Schedule_start_datetime",
                "Schedule_status",
                "Schedule_survey_id",
                "Schedule_teams_meeting_info"
              ]
            }
          }
        }
      },
      "actions": {
        "Schedule": {
          "runAfter": {},
          "metadata": {
            "operationMetadataId": "644609e6-e1e0-4b74-aac4-06421cc16edd"
          },
          "type": "OpenApiConnection",
          "inputs": {
            "host": {
              "connectionName": "shared_sql",
              "operationId": "ExecuteProcedure_V2",
              "apiId": "/providers/Microsoft.PowerApps/apis/shared_sql"
            },
            "parameters": {
              "server": "default",
              "database": "default",
              "procedure": "[dbo].[InsertInterviewSchedule]",
              "parameters/doctor_id": "@triggerBody()['Schedule_doctor_id']",
              "parameters/end_datetime": "@triggerBody()['Schedule_end_datetime']",
              "parameters/location": "@triggerBody()['Schedule_location']",
              "parameters/patient_id": "@triggerBody()['Schedule_patient_id']",
              "parameters/slot": "@triggerBody()['Schedule_slot']",
              "parameters/start_datetime": "@triggerBody()['Schedule_start_datetime']",
              "parameters/status": "@triggerBody()['Schedule_status']",
              "parameters/survey_id": "@triggerBody()['Schedule_survey_id']",
              "parameters/teams_meeting_info": "@triggerBody()['Schedule_teams_meeting_info']"
            },
            "authentication": {
              "type": "Raw",
              "value": "@json(decodeBase64(triggerOutputs().headers['X-MS-APIM-Tokens']))['$ConnectionKey']"
            }
          }
        },
        "Success": {
          "runAfter": {
            "Schedule": [
              "Succeeded"
            ]
          },
          "metadata": {
            "operationMetadataId": "4ed198ee-f6ea-4166-af56-a1b1d34ab4ab"
          },
          "type": "Response",
          "kind": "PowerApp",
          "inputs": {
            "statusCode": 200,
            "body": {
              "status": "true"
            },
            "schema": {
              "type": "object",
              "properties": {
                "status": {
                  "title": "Status",
                  "x-ms-dynamically-added": true,
                  "type": "string"
                }
              }
            }
          }
        },
        "Failure": {
          "runAfter": {
            "Schedule": [
              "Failed",
              "Skipped",
              "TimedOut"
            ]
          },
          "metadata": {
            "operationMetadataId": "b39300c6-9621-47d3-8749-ca2ebb26efc6"
          },
          "type": "Response",
          "kind": "PowerApp",
          "inputs": {
            "statusCode": 200,
            "body": {
              "status": "false"
            },
            "schema": {
              "type": "object",
              "properties": {
                "status": {
                  "title": "Status",
                  "x-ms-dynamically-added": true,
                  "type": "string"
                }
              }
            }
          }
        }
      }
    }
  },
  "schemaVersion": "1.0.0.0"
}