<ImportExportXml xmlns:xsi="http://www.w3.org/2001/XMLSchema-instance">
  <Entities></Entities>
  <Roles></Roles>
  <Workflows>
    <Workflow WorkflowId="{910c1634-c922-ed11-9db2-000d3a851630}" Name="Teams appointment workflow">
      <JsonFileName>/Workflows/Teamsappointmentworkflow-910C1634-C922-ED11-9DB2-000D3A851630.json</JsonFileName>
      <Type>1</Type>
      <Subprocess>0</Subprocess>
      <Category>5</Category>
      <Mode>0</Mode>
      <Scope>4</Scope>
      <OnDemand>0</OnDemand>
      <TriggerOnCreate>0</TriggerOnCreate>
      <TriggerOnDelete>0</TriggerOnDelete>
      <AsyncAutodelete>0</AsyncAutodelete>
      <SyncWorkflowLogOnFailure>0</SyncWorkflowLogOnFailure>
      <StateCode>0</StateCode>
      <StatusCode>1</StatusCode>
      <RunAs>1</RunAs>
      <IsTransacted>1</IsTransacted>
      <IntroducedVersion>1.0.0.0</IntroducedVersion>
      <IsCustomizable>1</IsCustomizable>
      <BusinessProcessType>0</BusinessProcessType>
      <IsCustomProcessingStepAllowedForOtherPublishers>1</IsCustomProcessingStepAllowedForOtherPublishers>
      <PrimaryEntity>none</PrimaryEntity>
      <LocalizedNames>
        <LocalizedName languagecode="1033" description="Teams appointment workflow" />
      </LocalizedNames>
    </Workflow>
    <Workflow WorkflowId="{846b8485-9223-ed11-9db2-000d3a851630}" Name="Fixme Schedule Interview">
      <JsonFileName>/Workflows/FixmeScheduleInterview-846B8485-9223-ED11-9DB2-000D3A851630.json</JsonFileName>
      <Type>1</Type>
      <Subprocess>0</Subprocess>
      <Category>5</Category>
      <Mode>0</Mode>
      <Scope>4</Scope>
      <OnDemand>0</OnDemand>
      <TriggerOnCreate>0</TriggerOnCreate>
      <TriggerOnDelete>0</TriggerOnDelete>
      <AsyncAutodelete>0</AsyncAutodelete>
      <SyncWorkflowLogOnFailure>0</SyncWorkflowLogOnFailure>
      <StateCode>1</StateCode>
      <StatusCode>2</StatusCode>
      <RunAs>1</RunAs>
      <IsTransacted>1</IsTransacted>
      <IntroducedVersion>1.0.0.0</IntroducedVersion>
      <IsCustomizable>1</IsCustomizable>
      <BusinessProcessType>0</BusinessProcessType>
      <IsCustomProcessingStepAllowedForOtherPublishers>1</IsCustomProcessingStepAllowedForOtherPublishers>
      <PrimaryEntity>none</PrimaryEntity>
      <LocalizedNames>
        <LocalizedName languagecode="1033" description="Fixme Schedule Interview" />
      </LocalizedNames>
    </Workflow>
    <Workflow WorkflowId="{be88c3a1-b023-ed11-9db2-000d3a851630}" Name="Fetch doctors information based on specialization">
      <JsonFileName>/Workflows/Fetchdoctorsinformationbasedonspecialization-BE88C3A1-B023-ED11-9DB2-000D3A851630.json</JsonFileName>
      <Type>1</Type>
      <Subprocess>0</Subprocess>
      <Category>5</Category>
      <Mode>0</Mode>
      <Scope>4</Scope>
      <OnDemand>0</OnDemand>
      <TriggerOnCreate>0</TriggerOnCreate>
      <TriggerOnDelete>0</TriggerOnDelete>
      <AsyncAutodelete>0</AsyncAutodelete>
      <SyncWorkflowLogOnFailure>0</SyncWorkflowLogOnFailure>
      <StateCode>1</StateCode>
      <StatusCode>2</StatusCode>
      <RunAs>1</RunAs>
      <IsTransacted>1</IsTransacted>
      <IntroducedVersion>1.0.0.0</IntroducedVersion>
      <IsCustomizable>1</IsCustomizable>
      <BusinessProcessType>0</BusinessProcessType>
      <IsCustomProcessingStepAllowedForOtherPublishers>1</IsCustomProcessingStepAllowedForOtherPublishers>
      <PrimaryEntity>none</PrimaryEntity>
      <LocalizedNames>
        <LocalizedName languagecode="1033" description="Fetch doctors information based on specialization" />
      </LocalizedNames>
    </Workflow>
  </Workflows>
  <FieldSecurityProfiles></FieldSecurityProfiles>
  <Templates />
  <EntityMaps />
  <EntityRelationships />
  <OrganizationSettings>
    <general>
      <fullnameconventioncode>1</fullnameconventioncode>
      <numberformat>us</numberformat>
      <negativeformatcode>1</negativeformatcode>
      <currencysymbol>$</currencysymbol>
      <currencyformatcode>0</currencyformatcode>
      <pricingdecimalprecision>2</pricingdecimalprecision>
      <sharetopreviousowneronassign>False</sharetopreviousowneronassign>
      <blockedattachments>ade;adp;app;asa;ashx;asmx;asp;bas;bat;cdx;cer;chm;class;cmd;com;config;cpl;crt;csh;dll;exe;fxp;hlp;hta;htr;htw;ida;idc;idq;inf;ins;isp;its;jar;js;jse;ksh;lnk;mad;maf;mag;mam;maq;mar;mas;mat;mau;mav;maw;mda;mdb;mde;mdt;mdw;mdz;msc;msh;msh1;msh1xml;msh2;msh2xml;mshxml;msi;msp;mst;ops;pcd;pif;prf;prg;printer;pst;reg;rem;scf;scr;sct;shb;shs;shtm;shtml;soap;stm;tmp;url;vb;vbe;vbs;vsmacros;vss;vst;vsw;ws;wsc;wsf;wsh</blockedattachments>
      <getstartedpanecontentenabled>True</getstartedpanecontentenabled>
      <ispresenceenabled>True</ispresenceenabled>
      <isautosaveenabled>True</isautosaveenabled>
      <globalhelpurl></globalhelpurl>
      <globalhelpurlenabled>False</globalhelpurlenabled>
      <globalappendurlparametersenabled>False</globalappendurlparametersenabled>
      <istextwrapenabled>True</istextwrapenabled>
      <enablelivepersonacarduci>True</enablelivepersonacarduci>
      <allowlegacydialogsembedding>True</allowlegacydialogsembedding>
    </general>
  </OrganizationSettings>
  <optionsets />
  <CustomControls />
  <EntityDataProviders />
  <CanvasApps>
    <CanvasApp>
      <Name>fixme_fixme_64d55</Name>
      <AppVersion>2022-08-29T07:07:35Z</AppVersion>
      <Status>Ready</Status>
      <CreatedByClientVersion>3.22083.10.0</CreatedByClientVersion>
      <MinClientVersion>3.22083.10.0</MinClientVersion>
      <Tags>{"primaryDeviceWidth":"1366","primaryDeviceHeight":"768","supportsPortrait":"true","supportsLandscape":"true","primaryFormFactor":"Tablet","publisherVersion":"3.22083.10","minimumRequiredApiVersion":"2.2.0","hasComponent":"false","hasUnlockedComponent":"false","isUnifiedRootApp":"false","sienaVersion":"20220825T173502Z-3.22083.10.0"}</Tags>
      <IsCdsUpgraded>0</IsCdsUpgraded>
      <GalleryItemId xsi:nil="true"></GalleryItemId>
      <BackgroundColor>rgba(127, 178, 57, 1)</BackgroundColor>
      <DisplayName>Fixme</DisplayName>
      <Description xsi:nil="true"></Description>
      <CommitMessage xsi:nil="true"></CommitMessage>
      <Publisher xsi:nil="true"></Publisher>
      <AuthorizationReferences>[]</AuthorizationReferences>
      <ConnectionReferences>{"b064a765-33f5-4ab8-bc51-c8656aa61f9f":{"id":"/providers/microsoft.powerapps/apis/shared_sql","displayName":"SQL Server","iconUri":"https://connectoricons-prod.azureedge.net/releases/v1.0.1595/1.0.1595.2986/sql/icon.png","dataSources":["Survey","InterviewSchedule","Doctor","UserProfile","InterviewData"],"dependencies":[],"dependents":["8ecb1e2b-5ce2-4637-8b3c-2c67210984b0","96b9f221-fd27-46f8-844f-f5cb0f8c9497"],"parameterHints":{},"parameterHintsV2":{},"gatewayObjectIdHint":"9c57d8f9-3b64-43b0-b972-5b688e10945d","isOnPremiseConnection":true,"sharedConnectionId":"06067c48-fa5d-41e1-9137-21abe317db9d","bypassConsent":false,"dataSets":{"fixmedbsrvr.database.windows.net,fixmedb":{"dataSources":{"Survey":{"tableName":"[dbo].[Survey]"},"InterviewSchedule":{"tableName":"[dbo].[InterviewSchedule]"},"Doctor":{"tableName":"[dbo].[Doctor]"},"UserProfile":{"tableName":"[dbo].[UserProfile]"},"InterviewData":{"tableName":"[dbo].[InterviewData]"}}}},"apiTier":"Premium","actions":["providers/PowerPlatform.Governance/Operations/Read"],"endpoints":["fixmedbsrvr.database.windows.net,fixmedb"],"authenticationType":"sqlAuthentication"},"8ecb1e2b-5ce2-4637-8b3c-2c67210984b0":{"id":"/providers/microsoft.powerapps/apis/shared_logicflows","displayName":"Logic flows","iconUri":"https://connectoricons-prod.azureedge.net/releases/v1.0.1534/1.0.1534.2605/logicflows/icon.png","dataSources":["Fetchdoctorsinformationbasedonspecialization"],"dependencies":["b064a765-33f5-4ab8-bc51-c8656aa61f9f"],"dependents":[],"parameterHints":{"workflowName":{"value":"34bb467c-b032-4f1a-bbc9-69d7c0a0a6ac"},"workflowEntityId":{"value":"be88c3a1-b023-ed11-9db2-000d3a851630"},"b064a765-33f5-4ab8-bc51-c8656aa61f9f":{"value":"shared_sql"}},"parameterHintsV2":{"workflowName":{"value":"34bb467c-b032-4f1a-bbc9-69d7c0a0a6ac"},"workflowEntityId":{"value":"be88c3a1-b023-ed11-9db2-000d3a851630"},"shared_sql":{"value":"b064a765-33f5-4ab8-bc51-c8656aa61f9f"}},"isOnPremiseConnection":false,"bypassConsent":false,"dataSets":{},"apiTier":"Standard","actions":["Run"]},"96b9f221-fd27-46f8-844f-f5cb0f8c9497":{"id":"/providers/microsoft.powerapps/apis/shared_logicflows","displayName":"Logic flows","iconUri":"https://connectoricons-prod.azureedge.net/releases/v1.0.1534/1.0.1534.2605/logicflows/icon.png","dataSources":["FixmeScheduleInterview"],"dependencies":["b064a765-33f5-4ab8-bc51-c8656aa61f9f"],"dependents":[],"parameterHints":{"workflowName":{"value":"c31a7234-23ec-4707-86ef-28945117681d"},"workflowEntityId":{"value":"846b8485-9223-ed11-9db2-000d3a851630"},"b064a765-33f5-4ab8-bc51-c8656aa61f9f":{"value":"shared_sql"}},"parameterHintsV2":{"workflowName":{"value":"c31a7234-23ec-4707-86ef-28945117681d"},"workflowEntityId":{"value":"846b8485-9223-ed11-9db2-000d3a851630"},"shared_sql":{"value":"b064a765-33f5-4ab8-bc51-c8656aa61f9f"}},"isOnPremiseConnection":false,"bypassConsent":false,"dataSets":{},"apiTier":"Standard","actions":["Run"]}}</ConnectionReferences>
      <DatabaseReferences>{}</DatabaseReferences>
      <AppComponents>[]</AppComponents>
      <AppComponentDependencies>[]</AppComponentDependencies>
      <CanConsumeAppPass>1</CanConsumeAppPass>
      <CanvasAppType>0</CanvasAppType>
      <BypassConsent>0</BypassConsent>
      <AdminControlBypassConsent>0</AdminControlBypassConsent>
      <EmbeddedApp xsi:nil="true"></EmbeddedApp>
      <IntroducedVersion>1.0</IntroducedVersion>
      <CdsDependencies>{"cdsdependencies":[]}</CdsDependencies>
      <IsCustomizable>1</IsCustomizable>
      <BackgroundImageUri>/CanvasApps/fixme_fixme_64d55_BackgroundImageUri</BackgroundImageUri>
      <DocumentUri>/CanvasApps/fixme_fixme_64d55_DocumentUri.msapp</DocumentUri>
    </CanvasApp>
  </CanvasApps>
  <connectionreferences>
    <connectionreference connectionreferencelogicalname="fixme_6db12606864f44adabb26dfd8c516096">
      <connectionreferencedisplayname>fixmedb fixmedbsrvr.database.windows.net</connectionreferencedisplayname>
      <connectorid>/providers/microsoft.powerapps/apis/shared_sql</connectorid>
      <description>fixmedb fixmedbsrvr.database.windows.net</description>
      <iscustomizable>1</iscustomizable>
      <statecode>0</statecode>
      <statuscode>1</statuscode>
    </connectionreference>
    <connectionreference connectionreferencelogicalname="fixme_sharedonedriveforbusiness_1336e">
      <connectionreferencedisplayname>OneDrive HelpDesk Fixme</connectionreferencedisplayname>
      <connectorid>/providers/Microsoft.PowerApps/apis/shared_onedriveforbusiness</connectorid>
      <iscustomizable>1</iscustomizable>
      <statecode>0</statecode>
      <statuscode>1</statuscode>
    </connectionreference>
    <connectionreference connectionreferencelogicalname="fixme_sharedteams_4f148">
      <connectionreferencedisplayname>Email HelpDesk Fixme</connectionreferencedisplayname>
      <connectorid>/providers/Microsoft.PowerApps/apis/shared_teams</connectorid>
      <description>Email account for HelpDesk Fixme</description>
      <iscustomizable>1</iscustomizable>
      <statecode>0</statecode>
      <statuscode>1</statuscode>
    </connectionreference>
  </connectionreferences>
  <Languages>
    <Language>1033</Language>
  </Languages>
</ImportExportXml>